AgentID;TripID;DriveOperationNumber;TripType;BatteryBefore;BatteryAfter;ArrivedAtLocation;Distance;Origin
24;AP0018;1;CustomerTrip;0.9;0.82482157594899;true;751.7842405101005
24;AP0018;2;CustomerTrip;0.82482157594899;0.8136691473003629;true;111.52428648627105
24;AP0017;1;CustomerTrip;0.8136691473003629;0.8136691473003629;true;0.0
24;AP0017;2;CustomerTrip;0.8136691473003629;0.7887345781136061;true;249.34569186756792
