AgentID;TripID;DriveOperationNumber;TripType;BatteryBefore;BatteryAfter;ArrivedAtLocation;Distance;Origin
26;AP0038;1;CustomerTrip;0.9;0.8448926319072121;true;551.0736809278791
26;AP0038;2;CustomerTrip;0.8448926319072121;0.8140045842271395;true;308.88047680072634
26;AP0037;1;CustomerTrip;0.8140045842271395;0.8140045842271395;true;0.0
26;AP0037;2;CustomerTrip;0.8140045842271395;0.6997669534341482;true;1142.3763079299126
26;AP0046;1;CustomerTrip;0.6997669534341482;0.6732449947854718;true;265.2195864867635
26;AP0046;2;CustomerTrip;0.6732449947854718;0.6165242544914318;true;567.2074029404009
26;AP0064;1;CustomerTrip;0.6165242544914318;0.6017876582563859;true;147.36596235045855
26;AP0064;2;CustomerTrip;0.6017876582563859;0.5664280160773848;true;353.59642179001105
