AgentID;TripID;DriveOperationNumber;TripType;BatteryBefore;BatteryAfter;ArrivedAtLocation;Distance;Origin
23;AP0010;1;CustomerTrip;0.9;0.8646958222394349;true;353.0417776056516
23;AP0010;2;CustomerTrip;0.8646958222394349;0.7835696571586681;true;811.2616508076673
23;AP0011;1;CustomerTrip;0.7835696571586681;0.7579769370555482;true;255.92720103119836
23;AP0011;2;CustomerTrip;0.7579769370555482;0.7086420175193308;true;493.34919536217444
