AgentID;TripID;DriveOperationNumber;TripType;BatteryBefore;BatteryAfter;ArrivedAtLocation;Distance;Origin
18;AP0053;1;CustomerTrip;0.9;0.8628196826515953;true;371.8031734840482
18;AP0053;2;CustomerTrip;0.8628196826515953;0.7041986096841565;true;1586.2107296743875
18;AP0054;1;CustomerTrip;0.7041986096841565;0.7041986096841565;true;0.0
18;AP0054;2;CustomerTrip;0.7041986096841565;0.6818458925161789;true;223.5271716797758
