AgentID;TripID;DriveOperationNumber;TripType;BatteryBefore;BatteryAfter;ArrivedAtLocation;Distance;Origin
20;AP0013;1;CustomerTrip;0.9;0.8188701235647229;true;811.2987643527713
20;AP0013;2;CustomerTrip;0.8188701235647229;0.7614804099042566;true;573.8971366046626
20;AP0039;1;CustomerTrip;0.7614804099042566;0.7402218616966872;true;212.5854820756938
20;AP0039;2;CustomerTrip;0.7402218616966872;0.7179866594323648;true;222.35202264322413
