AgentID;TripID;DriveOperationNumber;TripType;BatteryBefore;BatteryAfter;ArrivedAtLocation;Distance;Origin
22;AP0024;1;CustomerTrip;0.9;0.8601768107828254;true;398.23189217174627
22;AP0024;2;CustomerTrip;0.8601768107828254;0.7232445597708342;true;1369.3225101199114
22;AP0029;1;CustomerTrip;0.7232445597708342;0.6145513533331677;true;1086.932064376666
22;AP0029;2;CustomerTrip;0.6145513533331677;0.578529524560941;true;360.21828772226706
22;AP0033;1;CustomerTrip;0.578529524560941;0.5381434706901582;true;403.86053870782746
22;AP0033;2;CustomerTrip;0.5381434706901582;0.4368194861072872;true;1013.2398458287101
22;AP0034;1;CustomerTrip;0.4368194861072872;0.4368194861072872;true;0.0
22;AP0034;2;CustomerTrip;0.4368194861072872;0.33341108280272264;true;1034.0840330456456
