AgentID;TripID;DriveOperationNumber;TripType;BatteryBefore;BatteryAfter;ArrivedAtLocation;Distance;Origin
28;AP0020;1;CustomerTrip;0.9;0.8469078420264701;true;530.9215797352994
28;AP0020;2;CustomerTrip;0.8469078420264701;0.7561217574230243;true;907.8608460344574
28;AP0052;1;CustomerTrip;0.7561217574230243;0.7561217574230243;true;0.0
28;AP0052;2;CustomerTrip;0.7561217574230243;0.6289270789341136;true;1271.9467848891072
28;AP0066;1;CustomerTrip;0.6289270789341136;0.6289270789341136;true;0.0
28;AP0066;2;CustomerTrip;0.6289270789341136;0.5236141722616862;true;1053.1290667242743
