AgentID;TripID;DriveOperationNumber;TripType;BatteryBefore;BatteryAfter;ArrivedAtLocation;Distance;Origin
29;AP0072;1;CustomerTrip;0.9;0.8483631252147866;true;516.3687478521335
29;AP0072;2;CustomerTrip;0.8483631252147866;0.816301510103715;true;320.61615111071603
29;AP0071;1;CustomerTrip;0.816301510103715;0.816301510103715;true;0.0
29;AP0071;2;CustomerTrip;0.816301510103715;0.7099962238234213;true;1063.0528628029363
