AgentID;TripID;DriveOperationNumber;TripType;BatteryBefore;BatteryAfter;ArrivedAtLocation;Distance;Origin
25;AP0059;1;CustomerTrip;0.9;0.8777796825839139;true;222.20317416086064
25;AP0059;2;CustomerTrip;0.8777796825839139;0.7426084026669738;true;1351.7127991694008
25;AP0065;1;CustomerTrip;0.7426084026669738;0.6332832178675193;true;1093.2518479945456
25;AP0065;2;CustomerTrip;0.6332832178675193;0.4995251334996954;true;1337.5808436782386
25;AP0067;1;CustomerTrip;0.4995251334996954;0.4995251334996954;true;0.0
25;AP0067;2;CustomerTrip;0.4995251334996954;0.4738544565755065;true;256.7067692418892
